aberdeencity,.aberdeencity.gov.uk
aberdeenshire,.aberdeenshire.gov.uk
adur,.adur.gov.uk
allerdale,.allerdale.gov.uk
ambervalley,.ambervalley.gov.uk
angus,.angus.gov.uk
antrim,.antrim.gov.uk
ards-council,.ards-council.gov.uk
argyll-bute,.argyll-bute.gov.uk
armagh,.armagh.gov.uk
arun,.arun.gov.uk
ashfield-dc,.ashfield-dc.gov.uk
ashford,.ashford.gov.uk
aylesburyvaledc,.aylesburyvaledc.gov.uk
babergh,.babergh.gov.uk
ballymena,.ballymena.gov.uk
ballymoney,.ballymoney.gov.uk
banbridge,.banbridge.gov.uk
barnsley,.barnsley.gov.uk
barrowbc,.barrowbc.gov.uk
basildon,.basildon.gov.uk
basingstoke,.basingstoke.gov.uk
bassetlaw,.bassetlaw.gov.uk
bathnes,.bathnes.gov.uk
bedford,.bedford.gov.uk
belfastcity,.belfastcity.gov.uk
birmingham,.birmingham.gov.uk
blabyccmportal,.blaby.gov.uk/
blackburn,.blackburn.gov.uk
blackpool,.blackpool.gov.uk
blaenau-gwent,.blaenau-gwent.gov.uk
bolsover,.bolsover.gov.uk
bolton,.bolton.gov.uk
boston,.boston.gov.uk
bournemouth,.bournemouth.gov.uk
bracknell-forest,.bracknell-forest.gov.uk
bradford,.bradford.gov.uk
braintree,.braintree.gov.uk
breckland,.breckland.gov.uk
brentwood,.brentwood.gov.uk
bridgend,.bridgend.gov.uk
brighton-hove,.brighton-hove.gov.uk
bristol,.bristol.gov.uk
broadland,.broadland.gov.uk
bromsgrove,.bromsgrove.gov.uk
broxbourne,.broxbourne.gov.uk
broxtowe,.broxtowe.gov.uk
buckscc,.buckscc.gov.uk
burnley,.burnley.gov.uk
bury,.bury.gov.uk
caerphilly,.caerphilly.gov.uk
calderdale,.calderdale.gov.uk
cambridge,.cambridge.gov.uk
cambridgeshire,.cambridgeshire.gov.uk
cannockchasedc,.cannockchasedc.gov.uk
canterbury,.canterbury.gov.uk
cardiff,.cardiff.gov.uk
carlisle,.carlisle.gov.uk
carmarthenshire,.carmarthenshire.gov.uk
carrickfergus.org,.carrickfergus.org
castlepoint,.castlepoint.gov.uk
castlereagh,.castlereagh.gov.uk
ceredigion,.ceredigion.gov.uk
charnwood,.charnwood.gov.uk
chelmsford,.chelmsford.gov.uk
cheltenham,.cheltenham.gov.uk
cherwell,.cherwell.gov.uk
cheshireeast,.cheshireeast.gov.uk
cheshirewestandchester,.cheshirewestandchester.gov.uk
chesterfield,.chesterfield.gov.uk
chichester,.chichester.gov.uk
chiltern,.chiltern.gov.uk
chorley,.chorley.gov.uk
dorsetforyou.com,.dorsetforyou.com
swansea,.swansea.gov.uk
edinburgh,.edinburgh.gov.uk
glasgow,.glasgow.gov.uk
cityoflondon,.cityoflondon.gov.uk
westminster,.westminster.gov.uk
york,.york.gov.uk
clacks,.clacks.gov.uk
colchester,.colchester.gov.uk
colerainebc,.colerainebc.gov.uk
w-isles,.cne-siar.gov.uk/
conwy,.conwy.gov.uk
cookstown,.cookstown.gov.uk
copelandbc,.copelandbc.gov.uk
corby,.corby.gov.uk
cornwall,.cornwall.gov.uk
cotswold,.cotswold.gov.uk
scilly,.scilly.gov.uk
coventry,.coventry.gov.uk
craigavon,.craigavon.gov.uk
cravendc,.cravendc.gov.uk
crawley,.crawley.gov.uk
cumbria,.cumbria.gov.uk
dacorum,.dacorum.gov.uk
darlington,.darlington.gov.uk
dartford,.dartford.gov.uk
daventrydc,.daventrydc.gov.uk
denbighshire,.denbighshire.gov.uk
derby,.derby.gov.uk
derbyshire,.derbyshire.gov.uk
derbyshiredales,.derbyshiredales.gov.uk
derrycity,.derrycity.gov.uk
devon,.devon.gov.uk
doncaster,.doncaster.gov.uk
dorsetforyou.com,.dorsetforyou.com
dover,.dover.gov.uk
downdc,.downdc.gov.uk
dudley,.dudley.gov.uk
dumgal,.dumgal.gov.uk
dundeecity,.dundeecity.gov.uk
dungannon,.dungannon.gov.uk
durham,.durham.gov.uk
east-ayrshire,.east-ayrshire.gov.uk
eastbourne,.eastbourne.gov.uk
eastcambs,.eastcambs.gov.uk
eastdevon,.eastdevon.gov.uk
dorsetforyou.com,.dorsetforyou.com
eastdunbarton,.eastdunbarton.gov.uk
easthants,.easthants.gov.uk
eastherts,.eastherts.gov.uk
eastleigh,.eastleigh.gov.uk
e-lindsey,.e-lindsey.gov.uk
eastlothian,.eastlothian.gov.uk
east-northamptonshire,.east-northamptonshire.gov.uk
eastrenfrewshire,.eastrenfrewshire.gov.uk
eastriding,.eastriding.gov.uk
eaststaffsbc,.eaststaffsbc.gov.uk
eastsussex,.eastsussex.gov.uk
eden,.eden.gov.uk
elmbridge,.elmbridge.gov.uk
eppingforestdc,.eppingforestdc.gov.uk
epsom-ewell,.epsom-ewell.gov.uk
erewash,.erewash.gov.uk
essexcc,.essex.gov.uk
exeter,.exeter.gov.uk
falkirk,.falkirk.gov.uk
fareham,.fareham.gov.uk
fenland,.fenland.gov.uk
fermanagh,.fermanagh.gov.uk
fife,.fife.gov.uk
flintshire,.flintshire.gov.uk/home/
forest-heath,.forest-heath.gov.uk
fdean,.fdean.gov.uk
fylde,.fylde.gov.uk
gateshead,.gateshead.gov.uk
gedling,.gedling.gov.uk
gloucester,.gloucester.gov.uk
gloucestershire,.gloucestershire.gov.uk
gosport,.gosport.gov.uk
gravesham,.gravesham.gov.uk
london,.london.gov.uk
great-yarmouth,.great-yarmouth.gov.uk
guildford,.guildford.gov.uk
gwynedd,.gwynedd.gov.uk
halton,.halton.gov.uk
hambleton,.hambleton.gov.uk
hants,.hants.gov.uk
harborough,.harborough.gov.uk
harlow,.harlow.gov.uk
harrogate,.harrogate.gov.uk
hart,.hart.gov.uk
hartlepool,.hartlepool.gov.uk
hastings,.hastings.gov.uk
havant,.havant.gov.uk
herefordshire,.herefordshire.gov.uk
hertsdirect.org,.hertsdirect.org
hertsmere,.hertsmere.gov.uk
highland,.highland.gov.uk
highpeak,.highpeak.gov.uk
hinckley-bosworth,.hinckley-bosworth.gov.uk
horsham,.horsham.gov.uk
hullcc,.hullcc.gov.uk
huntsdc,.huntsdc.gov.uk
hyndburnbc,.hyndburnbc.gov.uk
inverclyde,.inverclyde.gov.uk
ipswich,.ipswich.gov.uk
anglesey,.anglesey.gov.uk
iwight.com,.iwight.com
kent,.kent.gov.uk
kettering,.kettering.gov.uk
west-norfolk,.west-norfolk.gov.uk
kirklees,.kirklees.gov.uk
knowsley,.knowsley.gov.uk
lancashire,.lancashire.gov.uk
lancaster,.lancaster.gov.uk
larne,.larne.gov.uk
leeds,.leeds.gov.uk
leicester,.leicester.gov.uk
leics,.leics.gov.uk
lewes,.lewes.gov.uk
lichfielddc,.lichfielddc.gov.uk
limavady,.limavady.gov.uk
lincoln,.lincoln.gov.uk
lincolnshire,.lincolnshire.gov.uk
lisburn,.lisburn.gov.uk
liverpool,.liverpool.gov.uk
barking-dagenham,.barking-dagenham.gov.uk
barnet,.barnet.gov.uk
bexley,.bexley.gov.uk
brent,.brent.gov.uk
bromley,.bromley.gov.uk
camden,.camden.gov.uk
croydon,.croydon.gov.uk
ealing,.ealing.gov.uk
enfield,.enfield.gov.uk
greenwich,.greenwich.gov.uk
hackney,.hackney.gov.uk
lbhf,.lbhf.gov.uk
haringey,.haringey.gov.uk
harrowsiteindex,harrow.gov.uk
havering,.havering.gov.uk
hillingdon,.hillingdon.gov.uk
hounslow,.hounslow.gov.uk
islington,.islington.gov.uk
lambeth,.lambeth.gov.uk
lewisham,.lewisham.gov.uk
merton,.merton.gov.uk
newham,.newham.gov.uk
redbridge,.redbridge.gov.uk
richmond,.richmond.gov.uk
southwark,.southwark.gov.uk
sutton,.sutton.gov.uk
towerhamlets,.towerhamlets.gov.uk
walthamforest,.walthamforest.gov.uk
wandsworth,.wandsworth.gov.uk
luton,.luton.gov.uk
magherafelt,.magherafelt.gov.uk
maidstone,.maidstone.gov.uk
maldon,.maldon.gov.uk
malvernhills,.malvernhills.gov.uk
manchester,.manchester.gov.uk
mansfield,.mansfield.gov.uk
medway,.medway.gov.uk
melton,.melton.gov.uk
mendip,.mendip.gov.uk
merthyr,.merthyr.gov.uk
middevon,.middevon.gov.uk
middlesbrough,.middlesbrough.gov.uk
midlothian,.midlothian.gov.uk
midsuffolk,.midsuffolk.gov.uk
midsussex,.midsussex.gov.uk
milton-keynes,.milton-keynes.gov.uk
molevalley,.molevalley.gov.uk
monmouthshire,.monmouthshire.gov.uk
moray,.moray.gov.uk
moyle-council.org,.moyle-council.org
neath-porttalbot,.neath-porttalbot.gov.uk
newark-sherwooddc,.newark-sherwooddc.gov.uk
newcastle-staffs,.newcastle-staffs.gov.uk
newcastle,.newcastle.gov.uk
newforest,.newforest.gov.uk
newport,.newport.gov.uk
# newryandmourne,.newryandmourne.gov.uk (404)
newtownabbey,.newtownabbey.gov.uk
norfolk,.norfolk.gov.uk
northampton,.northampton.gov.uk
northamptonshire,.northamptonshire.gov.uk
north-ayrshire,.north-ayrshire.gov.uk
northdevon,.northdevon.gov.uk
north-dorset,.north-dorset.gov.uk
northdown,.northdown.gov.uk
ne-derbyshire,.ne-derbyshire.gov.uk
nelincs,.nelincs.gov.uk
north-herts,.north-herts.gov.uk
n-kesteven,.n-kesteven.gov.uk
northlan,.northlan.gov.uk
northlincs,.northlincs.gov.uk
northnorfolk.org,.northnorfolk.org
n-somerset,.n-somerset.gov.uk
northtyneside,.northtyneside.gov.uk
northumberland,.northumberland.gov.uk
northwarks,.northwarks.gov.uk
nwleicsdc,.nwleicsdc.gov.uk
northyorks,.northyorks.gov.uk
norwich,.norwich.gov.uk
nottinghamcity,.nottinghamcity.gov.uk
nottinghamshire,.nottinghamshire.gov.uk
nuneatonandbedworth,.nuneatonandbedworth.gov.uk
oadby-wigston,.oadby-wigston.gov.uk
oldham,.oldham.gov.uk
omagh,.omagh.gov.uk
orkney,.orkney.gov.uk
oxford,.oxford.gov.uk
oxfordshire,.oxfordshire.gov.uk
pembrokeshire,.pembrokeshire.gov.uk
pendle,.pendle.gov.uk
pkc,.pkc.gov.uk
peterborough,.peterborough.gov.uk
plymouth,.plymouth.gov.uk
boroughofpoole.com,.boroughofpoole.com
portsmouth,.portsmouth.gov.uk
powys,.powys.gov.uk/index.php?id=1&L=0
preston,.preston.gov.uk
purbeck,.purbeck.gov.uk
reading,.reading.gov.uk
redcar-cleveland,.redcar-cleveland.gov.uk
redditchbc,.redditchbc.gov.uk
reigate-banstead,.reigate-banstead.gov.uk
renfrewshire,.renfrewshire.gov.uk
rhondda-cynon-taf,.rctcbc.gov.uk
ribblevalley,.ribblevalley.gov.uk
richmondshire,.richmondshire.gov.uk
rochdale,.rochdale.gov.uk
rochford,.rochford.gov.uk
rossendale,.rossendale.gov.uk
rother,.rother.gov.uk
rotherham,.rotherham.gov.uk
rbkc,.rbkc.gov.uk
kingston,.kingston.gov.uk
rbwm,.rbwm.gov.uk
rugby,.rugby.gov.uk
runnymede,.runnymede.gov.uk
rushcliffe,.rushcliffe.gov.uk
rushmoor,.rushmoor.gov.uk
rutland,.rutland.gov.uk
ryedale,.ryedale.gov.uk
salford,.salford.gov.uk
sandwell,.sandwell.gov.uk
scarborough,.scarborough.gov.uk
scotborders,.scotborders.gov.uk
sedgemoor,.sedgemoor.gov.uk
sefton,.sefton.gov.uk
selby,.selby.gov.uk
sevenoaks,.sevenoaks.gov.uk
sheffield,.sheffield.gov.uk
shepway,.shepway.gov.uk
shetland,.shetland.gov.uk
shropshire,.shropshire.gov.uk
slough,.slough.gov.uk
solihull,.solihull.gov.uk
somerset,.somerset.gov.uk
southampton,.southampton.gov.uk
south-ayrshire,.south-ayrshire.gov.uk
southbucks,.southbucks.gov.uk
scambs,.scambs.gov.uk
south-derbys,.south-derbys.gov.uk
southend,.southend.gov.uk
southglos,.southglos.gov.uk
southhams,.southhams.gov.uk
sholland,.sholland.gov.uk
southkesteven,.southkesteven.gov.uk
southlakeland,.southlakeland.gov.uk
southlanarkshire,.southlanarkshire.gov.uk
south-norfolk,.south-norfolk.gov.uk
southnorthants,.southnorthants.gov.uk
southoxon,.southoxon.gov.uk
southribble,.southribble.gov.uk
southsomerset,.southsomerset.gov.uk
sstaffs,.sstaffs.gov.uk
southtyneside.info,.southtyneside.info
spelthorne,.spelthorne.gov.uk
staffordbc,.staffordbc.gov.uk
staffordshire,.staffordshire.gov.uk
staffsmoorlands,.staffsmoorlands.gov.uk
stalbans,.stalbans.gov.uk
stedmundsbury,.stedmundsbury.gov.uk
stevenage,.stevenage.gov.uk
sthelens,.sthelens.gov.uk
stirling,.stirling.gov.uk
stockport,.stockport.gov.uk
stockton,.stockton.gov.uk
stoke,.stoke.gov.uk
strabanedc.org.uk,.strabanedc.org.uk
stratford,.stratford.gov.uk
stroud,.stroud.gov.uk
suffolkcoastal,.suffolkcoastal.gov.uk
suffolk,.suffolk.gov.uk
sunderland,.sunderland.gov.uk
surreycc,.surreycc.gov.uk
surreyheath,.surreyheath.gov.uk
swale,.swale.gov.uk
swindon,.swindon.gov.uk
tameside,.tameside.gov.uk
tamworth,.tamworth.gov.uk
tandridge,.tandridge.gov.uk
tauntondeane,.tauntondeane.gov.uk
teignbridge,.teignbridge.gov.uk
telford,.telford.gov.uk
tendringdc,.tendringdc.gov.uk
testvalley,.testvalley.gov.uk
tewkesburybc,.tewkesburybc.gov.uk
thanet,.thanet.gov.uk
threerivers,.threerivers.gov.uk
thurrock,.thurrock.gov.uk
tmbc,.tmbc.gov.uk
torbay,.torbay.gov.uk
torfaen,.torfaen.gov.uk/en/Home.aspx
torridge,.torridge.gov.uk
trafford,.trafford.gov.uk
tunbridgewells,.tunbridgewells.gov.uk
uttlesford,.uttlesford.gov.uk
valeofglamorgan,.valeofglamorgan.gov.uk
whitehorsedc,.whitehorsedc.gov.uk
wakefield,.wakefield.gov.uk
walsall,.walsall.gov.uk
warrington,.warrington.gov.uk
warwickdc,.warwickdc.gov.uk
warwickshire,.warwickshire.gov.uk
watford,.watford.gov.uk
waveney,.waveney.gov.uk
waverley,.waverley.gov.uk
wealden,.wealden.gov.uk
wellingborough,.wellingborough.gov.uk
welhat,.welhat.gov.uk
westberks,.westberks.gov.uk
westdevon,.westdevon.gov.uk
dorsetforyou.com,.dorsetforyou.com
west-dunbarton,.west-dunbarton.gov.uk
westlancsdc,.westlancsdc.gov.uk
west-lindsey,.west-lindsey.gov.uk
westlothian,.westlothian.gov.uk
westoxon,.westoxon.gov.uk
westsomersetonline,.westsomersetonline.gov.uk
westsussex,.westsussex.gov.uk
weymouth,.weymouth.gov.uk
wigan,.wigan.gov.uk
wiltshire,.wiltshire.gov.uk
winchester,.winchester.gov.uk
wirral,.wirral.gov.uk
woking,.woking.gov.uk
wokingham,.wokingham.gov.uk
wolverhampton,.wolverhampton.gov.uk
worcester,.worcester.gov.uk
worcestershire,.worcestershire.gov.uk
worthing,.worthing.gov.uk
wrexham,.wrexham.gov.uk
wychavon,.wychavon.gov.uk
wycombe,.wycombe.gov.uk
wyrebc,.wyrebc.gov.uk
wyreforestdc,.wyreforestdc.gov.uk
